,precision,recall,f1-score,support
Backdoor_Malware,0.0,0.0,0.0,7.0
BenignTraffic,0.8069084628670121,0.9902501059771089,0.8892272554244385,2359.0
BrowserHijacking,0.0,0.0,0.0,12.0
CommandInjection,1.0,0.2727272727272727,0.42857142857142855,11.0
DDoS-ACK_Fragmentation,0.9933993399339934,0.9852700490998363,0.9893179950698439,611.0
DDoS-HTTP_Flood,0.9655172413793104,0.9180327868852459,0.9411764705882353,61.0
DDoS-ICMP_Flood,0.9995466614856551,0.9994819323921772,0.9995142958909432,15442.0
DDoS-ICMP_Fragmentation,0.989648033126294,0.989648033126294,0.989648033126294,966.0
DDoS-PSHACK_Flood,0.9998857925993604,0.9990870706379094,0.9994862720474913,8763.0
DDoS-RSTFINFlood,1.0,0.9994224327134111,0.9997111329366226,8657.0
DDoS-SYN_Flood,0.9981657686575719,0.9989674162459844,0.9985664315614428,8716.0
DDoS-SlowLoris,0.7966101694915254,0.94,0.8623853211009175,50.0
DDoS-SynonymousIP_Flood,0.9992186482614924,0.9984385165907612,0.998828430096329,7685.0
DDoS-TCP_Flood,0.9995840266222962,0.9988569053309778,0.9992203336971776,9623.0
DDoS-UDP_Flood,0.9981915260075783,0.9984494788526144,0.9983204857671935,11609.0
DDoS-UDP_Fragmentation,0.9983660130718954,0.9823151125401929,0.9902755267423015,622.0
DNS_Spoofing,0.8315412186379928,0.6010362694300518,0.6977443609022557,386.0
DictionaryBruteForce,0.8,0.14285714285714285,0.24242424242424243,28.0
DoS-HTTP_Flood,0.95,0.9806451612903225,0.9650793650793651,155.0
DoS-SYN_Flood,0.9967667436489608,0.9976883957466481,0.9972273567467652,4326.0
DoS-TCP_Flood,0.9998251442559888,0.9996503496503496,0.999737739312877,5720.0
DoS-UDP_Flood,0.9978885135135135,0.9971866647911098,0.9975374657004151,7109.0
MITM-ArpSpoofing,0.8686514886164624,0.7503782148260212,0.8051948051948052,661.0
Mirai-greeth_flood,0.9990494296577946,0.9938534278959811,0.9964446551315478,2115.0
Mirai-greip_flood,0.9975170701427685,0.9938157081014224,0.9956629491945477,1617.0
Mirai-udpplain,0.9958115183246073,0.9968553459119497,0.9963331587218439,1908.0
Recon-HostDiscovery,0.82421875,0.735191637630662,0.7771639042357275,287.0
Recon-OSScan,0.6436781609195402,0.26540284360189575,0.37583892617449666,211.0
Recon-PingSweep,0.0,0.0,0.0,5.0
Recon-PortScan,0.7474747474747475,0.42045454545454547,0.5381818181818182,176.0
SqlInjection,0.0,0.0,0.0,11.0
Uploading_Attack,0.0,0.0,0.0,3.0
VulnerabilityScan,0.9156626506024096,0.95,0.9325153374233128,80.0
XSS,0.75,0.375,0.5,8.0
accuracy,0.99073,0.99073,0.99073,0.99073
macro avg,0.7900919740970227,0.7138518476561143,0.732392220501314,100000.0
weighted avg,0.9903614840228455,0.99073,0.9898743352475647,100000.0
