feature,importance
IAT,0.17711119280169926
Header_Length,0.054314510286310076
Protocol Type,0.048743190572029006
Magnitue,0.04315569119130509
rst_count,0.042569984713929226
flow_duration,0.041223742538504214
Tot size,0.04023749477662459
Max,0.04004615028565623
AVG,0.037849962457416494
Tot sum,0.03513264993113899
syn_count,0.034218112216417435
urg_count,0.03382331390996396
Rate,0.03335939993987521
Srate,0.03232729357468573
Min,0.03109498405995699
Duration,0.023744896892005565
Radius,0.023401661497968584
Std,0.02302068773696414
Covariance,0.022822553011755082
Variance,0.02051392139953676
ack_count,0.019340251777614108
ICMP,0.016426360496892462
syn_flag_number,0.015817132229949595
fin_count,0.015643736222008757
Weight,0.01394805854539528
fin_flag_number,0.013676806681018904
Number,0.013622572697980137
HTTP,0.010154241206198867
UDP,0.008810123230239652
psh_flag_number,0.007538752384209192
TCP,0.007490143609782417
ack_flag_number,0.006710623862314515
HTTPS,0.004937624675343868
rst_flag_number,0.003706439585006182
LLC,0.0012633263502563506
SSH,0.0010458923824584426
IPv,0.0006800589860618215
ARP,0.0004244530645451002
DNS,5.167516356083463e-05
Drate,3.33055420620557e-07
cwr_flag_number,0.0
ece_flag_number,0.0
DHCP,0.0
Telnet,0.0
SMTP,0.0
IRC,0.0
